{
  "project_info": {
    "project_number": "354323468972",
    "project_id": "emrfirebase",
    "storage_bucket": "emrfirebase.appspot.com"
  },
  "client": [
    {
      "client_info": {
        "mobilesdk_app_id": "1:354323468972:android:823a8a4457c04c80648509",
        "android_client_info": {
          "package_name": "com.example.emr_menu"
        }
      },
      "oauth_client": [
        {
          "client_id": "354323468972-lf8d1m1utt63j7g3k6f2404vig0rh4e8.apps.googleusercontent.com",
          "client_type": 3
        }
      ],
      "api_key": [
        {
          "current_key": "AIzaSyCbM3_hy4boAtHruN4On_xZU6Nml7l5UIs"
        }
      ],
      "services": {
        "appinvite_service": {
          "other_platform_oauth_client": [
            {
              "client_id": "354323468972-lf8d1m1utt63j7g3k6f2404vig0rh4e8.apps.googleusercontent.com",
              "client_type": 3
            }
          ]
        }
      }
    }
  ],
  "configuration_version": "1"
}